B,K,P_abs,stable
0.0,-700000.0,,False
0.0,-663157.8947368421,,False
0.0,-626315.7894736843,,False
0.0,-589473.6842105263,,False
0.0,-552631.5789473684,,False
0.0,-515789.47368421056,,False
0.0,-478947.36842105264,,False
0.0,-442105.2631578947,,False
0.0,-405263.15789473685,,False
0.0,-368421.052631579,,False
0.0,-331578.94736842107,,False
0.0,-294736.84210526315,,False
0.0,-257894.73684210528,,False
0.0,-221052.63157894742,,False
0.0,-184210.5263157895,,False
0.0,-147368.42105263157,,False
0.0,-110526.31578947371,,False
0.0,-73684.21052631584,,False
0.0,-36842.10526315798,,False
0.0,0.0,,False
44444.444444444445,-700000.0,,False
44444.444444444445,-663157.8947368421,,False
44444.444444444445,-626315.7894736843,,False
44444.444444444445,-589473.6842105263,,False
44444.444444444445,-552631.5789473684,,False
44444.444444444445,-515789.47368421056,,False
44444.444444444445,-478947.36842105264,,False
44444.444444444445,-442105.2631578947,,False
44444.444444444445,-405263.15789473685,,False
44444.444444444445,-368421.052631579,,False
44444.444444444445,-331578.94736842107,,False
44444.444444444445,-294736.84210526315,,False
44444.444444444445,-257894.73684210528,,False
44444.444444444445,-221052.63157894742,,False
44444.444444444445,-184210.5263157895,,False
44444.444444444445,-147368.42105263157,,False
44444.444444444445,-110526.31578947371,,False
44444.444444444445,-73684.21052631584,,False
44444.444444444445,-36842.10526315798,,False
44444.444444444445,0.0,,False
88888.88888888889,-700000.0,,False
88888.88888888889,-663157.8947368421,,False
88888.88888888889,-626315.7894736843,,False
88888.88888888889,-589473.6842105263,,False
88888.88888888889,-552631.5789473684,,False
88888.88888888889,-515789.47368421056,,False
88888.88888888889,-478947.36842105264,,False
88888.88888888889,-442105.2631578947,,False
88888.88888888889,-405263.15789473685,,False
88888.88888888889,-368421.052631579,,False
88888.88888888889,-331578.94736842107,,False
88888.88888888889,-294736.84210526315,,False
88888.88888888889,-257894.73684210528,,False
88888.88888888889,-221052.63157894742,,False
88888.88888888889,-184210.5263157895,,False
88888.88888888889,-147368.42105263157,,False
88888.88888888889,-110526.31578947371,,False
88888.88888888889,-73684.21052631584,,False
88888.88888888889,-36842.10526315798,,False
88888.88888888889,0.0,,False
133333.33333333334,-700000.0,,False
133333.33333333334,-663157.8947368421,,False
133333.33333333334,-626315.7894736843,,False
133333.33333333334,-589473.6842105263,,False
133333.33333333334,-552631.5789473684,,False
133333.33333333334,-515789.47368421056,,False
133333.33333333334,-478947.36842105264,,False
133333.33333333334,-442105.2631578947,,False
133333.33333333334,-405263.15789473685,,False
133333.33333333334,-368421.052631579,,False
133333.33333333334,-331578.94736842107,,False
133333.33333333334,-294736.84210526315,,False
133333.33333333334,-257894.73684210528,,False
133333.33333333334,-221052.63157894742,,False
133333.33333333334,-184210.5263157895,,False
133333.33333333334,-147368.42105263157,,False
133333.33333333334,-110526.31578947371,,False
133333.33333333334,-73684.21052631584,,False
133333.33333333334,-36842.10526315798,,False
133333.33333333334,0.0,877337.8274534257,True
177777.77777777778,-700000.0,,False
177777.77777777778,-663157.8947368421,,False
177777.77777777778,-626315.7894736843,,False
177777.77777777778,-589473.6842105263,,False
177777.77777777778,-552631.5789473684,,False
177777.77777777778,-515789.47368421056,,False
177777.77777777778,-478947.36842105264,,False
177777.77777777778,-442105.2631578947,,False
177777.77777777778,-405263.15789473685,,False
177777.77777777778,-368421.052631579,,False
177777.77777777778,-331578.94736842107,,False
177777.77777777778,-294736.84210526315,,False
177777.77777777778,-257894.73684210528,,False
177777.77777777778,-221052.63157894742,,False
177777.77777777778,-184210.5263157895,,False
177777.77777777778,-147368.42105263157,,False
177777.77777777778,-110526.31578947371,,False
177777.77777777778,-73684.21052631584,,False
177777.77777777778,-36842.10526315798,980373.1953910979,True
177777.77777777778,0.0,924458.6764424469,True
222222.22222222222,-700000.0,,False
222222.22222222222,-663157.8947368421,,False
222222.22222222222,-626315.7894736843,,False
222222.22222222222,-589473.6842105263,,False
222222.22222222222,-552631.5789473684,,False
222222.22222222222,-515789.47368421056,,False
222222.22222222222,-478947.36842105264,,False
222222.22222222222,-442105.2631578947,,False
222222.22222222222,-405263.15789473685,,False
222222.22222222222,-368421.052631579,,False
222222.22222222222,-331578.94736842107,,False
222222.22222222222,-294736.84210526315,,False
222222.22222222222,-257894.73684210528,,False
222222.22222222222,-221052.63157894742,,False
222222.22222222222,-184210.5263157895,,False
222222.22222222222,-147368.42105263157,,False
222222.22222222222,-110526.31578947371,1065711.1496213498,True
222222.22222222222,-73684.21052631584,1055808.3919148245,True
222222.22222222222,-36842.10526315798,994658.4810806072,True
222222.22222222222,0.0,922560.9721096461,True
266666.6666666667,-700000.0,,False
266666.6666666667,-663157.8947368421,,False
266666.6666666667,-626315.7894736843,,False
266666.6666666667,-589473.6842105263,,False
266666.6666666667,-552631.5789473684,,False
266666.6666666667,-515789.47368421056,,False
266666.6666666667,-478947.36842105264,696528.0691882457,True
266666.6666666667,-442105.2631578947,754115.8485489334,True
266666.6666666667,-405263.15789473685,,False
266666.6666666667,-368421.052631579,,False
266666.6666666667,-331578.94736842107,,False
266666.6666666667,-294736.84210526315,,False
266666.6666666667,-257894.73684210528,,False
266666.6666666667,-221052.63157894742,1068918.9728292013,True
266666.6666666667,-184210.5263157895,1083077.5827010307,True
266666.6666666667,-147368.42105263157,1079704.0185487613,True
266666.6666666667,-110526.31578947371,1057756.1487181496,True
266666.6666666667,-73684.21052631584,1018980.1897876618,True
266666.6666666667,-36842.10526315798,967507.369239096,True
266666.6666666667,0.0,908327.8295926112,True
311111.1111111111,-700000.0,,False
311111.1111111111,-663157.8947368421,,False
311111.1111111111,-626315.7894736843,,False
311111.1111111111,-589473.6842105263,,False
311111.1111111111,-552631.5789473684,,False
311111.1111111111,-515789.47368421056,674005.6058715932,True
311111.1111111111,-478947.36842105264,725406.2189979356,True
311111.1111111111,-442105.2631578947,807419.7343538823,True
311111.1111111111,-405263.15789473685,858691.4809408428,True
311111.1111111111,-368421.052631579,907000.3667635412,True
311111.1111111111,-331578.94736842107,950968.2246277898,True
311111.1111111111,-294736.84210526315,988688.706388177,True
311111.1111111111,-257894.73684210528,1017929.1085285392,True
311111.1111111111,-221052.63157894742,1036373.2442207179,True
311111.1111111111,-184210.5263157895,1042030.3762413805,True
311111.1111111111,-147368.42105263157,1033795.9682155185,True
311111.1111111111,-110526.31578947371,1011938.6675163711,True
311111.1111111111,-73684.21052631584,978185.244240341,True
311111.1111111111,-36842.10526315798,935290.870333837,True
311111.1111111111,0.0,886351.429332853,True
355555.55555555556,-700000.0,,False
355555.55555555556,-663157.8947368421,,False
355555.55555555556,-626315.7894736843,,False
355555.55555555556,-589473.6842105263,,False
355555.55555555556,-552631.5789473684,643997.3877252511,True
355555.55555555556,-515789.47368421056,690737.1398984696,True
355555.55555555556,-478947.36842105264,766936.1167025779,True
355555.55555555556,-442105.2631578947,813031.0566741923,True
355555.55555555556,-405263.15789473685,856540.5481219918,True
355555.55555555556,-368421.052631579,896625.014088748,True
355555.55555555556,-331578.94736842107,931958.5631684512,True
355555.55555555556,-294736.84210526315,960964.5412010197,True
355555.55555555556,-257894.73684210528,982001.9744671562,True
355555.55555555556,-221052.63157894742,993595.885421184,True
355555.55555555556,-184210.5263157895,994720.5050123512,True
355555.55555555556,-147368.42105263157,985068.6995733895,True
355555.55555555556,-110526.31578947371,965192.349688426,True
355555.55555555556,-73684.21052631584,936429.4231934419,True
355555.55555555556,-36842.10526315798,900640.3654557461,True
355555.55555555556,0.0,859870.976751758,True
400000.0,-700000.0,,False
400000.0,-663157.8947368421,,False
400000.0,-626315.7894736843,,False
400000.0,-589473.6842105263,608363.4313838048,True
400000.0,-552631.5789473684,653704.3955461789,True
400000.0,-515789.47368421056,724478.8427948299,True
400000.0,-478947.36842105264,766317.7434371677,True
400000.0,-442105.2631578947,805591.412749971,True
400000.0,-405263.15789473685,842091.0165183462,True
400000.0,-368421.052631579,874971.0617404485,True
400000.0,-331578.94736842107,903127.1559441984,True
400000.0,-294736.84210526315,925370.7176354658,True
400000.0,-257894.73684210528,940579.9391111778,True
400000.0,-221052.63157894742,947862.3554402473,True
400000.0,-184210.5263157895,946714.435309158,True
400000.0,-147368.42105263157,937136.8238837535,True
400000.0,-110526.31578947371,919662.0367072114,True
400000.0,-73684.21052631584,895278.8392317035,True
400000.0,-36842.10526315798,865278.440076458,True
400000.0,0.0,831074.0319543699,True
